نام شهر,دسته‌بندی
karaj,کلان‌شهر
tehran,کلان‌شهر
mashhad,کلان‌شهر
ahvaz,کلان‌شهر
kermanshah,کلان‌شهر
mahdasht-city,شهر کوچک
pardis-city,شهر کوچک
foolad-shahr,شهر کوچک
rasht,شهر کوچک
mahabad,شهر کوچک
shiraz,کلان‌شهر
gonabad,شهر کوچک
azna,شهر کوچک
andisheh-new-town,شهر کوچک
chamestan,شهر کوچک
babol,شهر کوچک
arak,شهر کوچک
pishva,شهر کوچک
tabriz,کلان‌شهر
urmia,شهر کوچک
nur,شهر کوچک
kish,شهر کوچک
nasimshahr,شهر کوچک
amol,شهر کوچک
yasuj,شهر کوچک
isfahan,کلان‌شهر
ilam,شهر کوچک
najafabad,شهر کوچک
yazd,شهر کوچک
pakdasht-city,شهر کوچک
bandar-ganaveh,شهر کوچک
chalus,شهر کوچک
sabzevar,شهر کوچک
eslamshahr,شهر کوچک
dezful,شهر کوچک
mohammadieh,شهر کوچک
lavasan-city,شهر کوچک
sirjan,شهر کوچک
Kordkuy,شهر کوچک
hamedan,شهر کوچک
qods-city,شهر کوچک
shandiz-city,شهر کوچک
mahmudabad,شهر کوچک
aran-va-bidgol,شهر کوچک
bandar-abbas,شهر کوچک
bandar-kangan,شهر کوچک
kiashahr,شهر کوچک
izadshahr,شهر کوچک
bushehr,شهر کوچک
tuyserkan,شهر کوچک
khoram-abad,شهر کوچک
qazvin,شهر کوچک
khorramabad,شهر کوچک
kashan,شهر کوچک
nowshahr,شهر کوچک
hashtgerd-city,شهر کوچک
behshahr,شهر کوچک
sanandaj,شهر کوچک
masal,شهر کوچک
shahin-dej,شهر کوچک
vahidieh,شهر کوچک
parand-city,شهر کوچک
shush,شهر کوچک
mobarakeh,شهر کوچک
neyshabur,شهر کوچک
kerman,شهر کوچک
rudehen,شهر کوچک
torbat-jam,شهر کوچک
polsefid,شهر کوچک
salman-shahr,شهر کوچک
saveh,شهر کوچک
shahriar-city,شهر کوچک
damghan,شهر کوچک
ramiyan,شهر کوچک
kahnooj,شهر کوچک
golpayegan,شهر کوچک
miandoab,شهر کوچک
amlash,شهر کوچک
talesh,شهر کوچک
golbahar-city,شهر کوچک
shahrekord,شهر کوچک
qom,کلان‌شهر
ardabil,شهر کوچک
qarchak-city,شهر کوچک
garmdareh,شهر کوچک
borujerd,شهر کوچک
nashtarud,شهر کوچک
gorgan,شهر کوچک
sari,شهر کوچک
zarand,شهر کوچک
sabashahr,شهر کوچک
semnan,شهر کوچک
ahar,شهر کوچک
saravan,شهر کوچک
astaneh-ashrafiyeh,شهر کوچک
kiasar,شهر کوچک
golestan-baharestan,شهر کوچک
borazjan,شهر کوچک
birjand,شهر کوچک
masjed-e-soleyman,شهر کوچک
sadra,شهر کوچک
lahijan,شهر کوچک
khomeyni-shahr,شهر کوچک
pol-dokhtar,شهر کوچک
ramsar,شهر کوچک
kahrizak,شهر کوچک
zahedan,شهر کوچک
qeydar,شهر کوچک
tulam-shahr,شهر کوچک
robat-karim,شهر کوچک
alvand,شهر کوچک
nahavand,شهر کوچک
ramhormoz,شهر کوچک
marvdasht-city,شهر کوچک
zanjan,شهر کوچک
sarein,شهر کوچک
khash,شهر کوچک
gourab-zarmikh,شهر کوچک
khoy,شهر کوچک
sangar,شهر کوچک
rudsar,شهر کوچک
safadasht-industrial-city,شهر کوچک
varamin-city,شهر کوچک
fardis-city,شهر کوچک
marivan,شهر کوچک
koumeleh,شهر کوچک
chaf-chamkhale,شهر کوچک
boroujen,شهر کوچک
khomam,شهر کوچک
zabol,شهر کوچک
bonab,شهر کوچک
bojnurd,شهر کوچک
meshgin-shahr,شهر کوچک
khomein,شهر کوچک
rafsanjan,شهر کوچک
quchan,شهر کوچک
parsabad,شهر کوچک
rezvanshahr,شهر کوچک
hormuz,شهر کوچک
Iranshahr,شهر کوچک
shahin-shahr,شهر کوچک
kiakola,شهر کوچک
omidiyeh,شهر کوچک
gonbad-kavus,شهر کوچک
abbasabad-mazandaran,شهر کوچک
shahrud,شهر کوچک
hendijan,شهر کوچک
minab,شهر کوچک
behbahan,شهر کوچک
kelarabad,شهر کوچک
maku,شهر کوچک
qaem-shahr,شهر کوچک
marand,شهر کوچک
bandar-anzali,شهر کوچک
malayer,شهر کوچک
falavarjan,شهر کوچک
sonqor,شهر کوچک
tonekabon,شهر کوچک
charbagh-alborz,شهر کوچک
kouchesfahan,شهر کوچک
kelarestan,شهر کوچک
sorkhrood,شهر کوچک
saman-city,شهر کوچک
azadshahr-golestan,شهر کوچک
chabahar,شهر کوچک
astara,شهر کوچک
mahshahr,شهر کوچک
eslamabad-gharb,شهر کوچک
khorramshahr,شهر کوچک
abadeh,شهر کوچک
shazand,شهر کوچک
nazarabad,شهر کوچک
firuzkooh,شهر کوچک
jiroft,شهر کوچک
shal,شهر کوچک
jam,شهر کوچک
taft,شهر کوچک
dayyer,شهر کوچک
jahrom,شهر کوچک
juybar,شهر کوچک
bumehen,شهر کوچک
lashtenesha,شهر کوچک
royan,شهر کوچک
esfarayen,شهر کوچک
shahre-rey,شهر کوچک
javanrud,شهر کوچک
azarshahr,شهر کوچک
kuhdasht,شهر کوچک
hachirud,شهر کوچک
maragheh,شهر کوچک
dorud,شهر کوچک
salmas,شهر کوچک
javadabad,شهر کوچک
someh-sara,شهر کوچک
shushtar,شهر کوچک
pirbazar,شهر کوچک
abrisham-isfahan,شهر کوچک
kazeroon,شهر کوچک
babolsar,شهر کوچک
sarab,شهر کوچک
mohammad-shahr,شهر کوچک
izeh,شهر کوچک
bahar-city,شهر کوچک
shirvan,شهر کوچک
torghabeh-city,شهر کوچک
bam,شهر کوچک
dogonbadan,شهر کوچک
torbat-heydariyeh,شهر کوچک
abyek,شهر کوچک
ferdosiye,شهر کوچک
kalale,شهر کوچک
fuman,شهر کوچک
katalem-sadatshahr,شهر کوچک
sahand,شهر کوچک
damavand,شهر کوچک
fasham-city,شهر کوچک
zibakenar,شهر کوچک
darab,شهر کوچک
daran,شهر کوچک
abadan,شهر کوچک
baft,شهر کوچک
khalkhal,شهر کوچک
absard,شهر کوچک
pareh-sar,شهر کوچک
dehloran,شهر کوچک
khorramdarreh,شهر کوچک
chenaran,شهر کوچک
abhar,شهر کوچک
shanderman,شهر کوچک
qeshm,شهر کوچک
sarpol-zahab,شهر کوچک
chahar-dangeh,شهر کوچک
tankaman,شهر کوچک
lenjan,شهر کوچک
asadabad,شهر کوچک
baneh,شهر کوچک
ahmadsar-gourab,شهر کوچک
saqqez,شهر کوچک
mianeh,شهر کوچک
lavandevil,شهر کوچک
